Metric,Mean,Min,Max
Episode,5.5,1.0,10.0
Total_Energy_Consumed,5168620.2122,3327000.0000000005,8739286.89
Total_Power_Consumed,1470.7643500000001,1340.0,1580.0
Total_Cost,14.707643500000003,13.4,15.8
Total Tasks,993.1,981.0,1000.0
Total_Rejections,14.8,0.0,145.0
Total_Accepted_Tasks,978.3,855.0,1000.0
Total_Reward,-337.3435311540004,-967.144644365,-184.95420410833395
