Metric,Mean,Min,Max
Episode,5.5,1.0,10.0
Total_Energy_Consumed,4572493.074666667,3187900.0,5419520.0
Total_Power_Consumed,1457.7293333333332,1280.0,1717.2933333333333
Total_Cost,14.577293333333333,12.8,17.172933333333333
Total Tasks,993.5,981.0,1000.0
Total_Rejections,0.5,0.0,5.0
Total_Accepted_Tasks,993.0,981.0,1000.0
Total_Reward,-248.0572194246879,-293.55300040937607,-178.4876106733338
